,sj_id,name,link,salary
0,37621267,BI-разработчик / Аналитик,https://www.superjob.ru/vakansii/bi-razrabotchik-37621267.html,По договорённости
1,38466785,Кредитный аналитик,https://www.superjob.ru/vakansii/kreditnyj-analitik-38466785.html,По договорённости
2,37666475,Бизнес-аналитик 1С,https://www.superjob.ru/vakansii/biznes-analitik-1s-37666475.html,По договорённости
3,38610656,Старший кредитный аналитик малого бизнеса,https://www.superjob.ru/vakansii/starshij-kreditnyj-analitik-malogo-biznesa-38610656.html,По договорённости
4,38519034,Ассистент-аналитик (образование в области промышленной и бизнес-аналитики),https://www.superjob.ru/vakansii/assistent-analitik-38519034.html,50 000 — 60 000 руб./месяц
5,37240870,Аналитик 1С,https://www.superjob.ru/vakansii/analitik-1s-37240870.html,По договорённости
6,38659496,Аналитик,https://www.superjob.ru/vakansii/analitik-38659496.html,По договорённости
7,38659478,Системный аналитик (цифровая трансформация банка),https://www.superjob.ru/vakansii/sistemnyj-analitik-38659478.html,По договорённости
8,38209299,Аналитик,https://www.superjob.ru/vakansii/analitik-38209299.html,По договорённости
9,38209092,Консультант-аналитик,https://www.superjob.ru/vakansii/konsultant-analitik-38209092.html,По договорённости
10,38429120,Системный аналитик,https://www.superjob.ru/vakansii/sistemnyj-analitik-38429120.html,160 000 — 200 000 руб./месяц
11,38208838,Бизнес-аналитик удаленно,https://www.superjob.ru/vakansii/biznes-analitik-udalenno-38208838.html,до 180 000 руб./месяц
12,38177606,Экономист-аналитик,https://www.superjob.ru/vakansii/ekonomist-analitik-38177606.html,По договорённости
13,38608316,Маркетолог-аналитик,https://www.superjob.ru/vakansii/marketolog-analitik-38608316.html,от 70 000 руб./месяц
14,36819230,Помощник аналитика,https://www.superjob.ru/vakansii/pomoschnik-analitika-36819230.html,от 55 000 руб./месяц
15,38654501,Системный аналитик,https://www.superjob.ru/vakansii/sistemnyj-analitik-38654501.html,По договорённости
16,38654859,Главный экономист-аналитик,https://www.superjob.ru/vakansii/glavnyj-ekonomist-analitik-38654859.html,По договорённости
17,38516784,Маркетолог-аналитик (оптовое направление),https://www.superjob.ru/vakansii/marketolog-analitik-38516784.html,По договорённости
18,36514312,Аналитик 1С,https://www.superjob.ru/vakansii/analitik-1s-36514312.html,от 104 400 руб./месяц
19,38208508,Главный специалист / Системный аналитик,https://www.superjob.ru/vakansii/glavnyj-specialist-38208508.html,По договорённости
20,37621267,BI-разработчик / Аналитик,https://www.superjob.ru/vakansii/bi-razrabotchik-37621267.html,По договорённости
21,38466785,Кредитный аналитик,https://www.superjob.ru/vakansii/kreditnyj-analitik-38466785.html,По договорённости
22,37666475,Бизнес-аналитик 1С,https://www.superjob.ru/vakansii/biznes-analitik-1s-37666475.html,По договорённости
23,38610656,Старший кредитный аналитик малого бизнеса,https://www.superjob.ru/vakansii/starshij-kreditnyj-analitik-malogo-biznesa-38610656.html,По договорённости
24,38519034,Ассистент-аналитик (образование в области промышленной и бизнес-аналитики),https://www.superjob.ru/vakansii/assistent-analitik-38519034.html,50 000 — 60 000 руб./месяц
25,37240870,Аналитик 1С,https://www.superjob.ru/vakansii/analitik-1s-37240870.html,По договорённости
26,38659496,Аналитик,https://www.superjob.ru/vakansii/analitik-38659496.html,По договорённости
27,38659478,Системный аналитик (цифровая трансформация банка),https://www.superjob.ru/vakansii/sistemnyj-analitik-38659478.html,По договорённости
28,38209299,Аналитик,https://www.superjob.ru/vakansii/analitik-38209299.html,По договорённости
29,38209092,Консультант-аналитик,https://www.superjob.ru/vakansii/konsultant-analitik-38209092.html,По договорённости
30,38429120,Системный аналитик,https://www.superjob.ru/vakansii/sistemnyj-analitik-38429120.html,160 000 — 200 000 руб./месяц
31,38208838,Бизнес-аналитик удаленно,https://www.superjob.ru/vakansii/biznes-analitik-udalenno-38208838.html,до 180 000 руб./месяц
32,38177606,Экономист-аналитик,https://www.superjob.ru/vakansii/ekonomist-analitik-38177606.html,По договорённости
33,38608316,Маркетолог-аналитик,https://www.superjob.ru/vakansii/marketolog-analitik-38608316.html,от 70 000 руб./месяц
34,36819230,Помощник аналитика,https://www.superjob.ru/vakansii/pomoschnik-analitika-36819230.html,от 55 000 руб./месяц
35,38654501,Системный аналитик,https://www.superjob.ru/vakansii/sistemnyj-analitik-38654501.html,По договорённости
36,38654859,Главный экономист-аналитик,https://www.superjob.ru/vakansii/glavnyj-ekonomist-analitik-38654859.html,По договорённости
37,38516784,Маркетолог-аналитик (оптовое направление),https://www.superjob.ru/vakansii/marketolog-analitik-38516784.html,По договорённости
38,36514312,Аналитик 1С,https://www.superjob.ru/vakansii/analitik-1s-36514312.html,от 104 400 руб./месяц
39,38208508,Главный специалист / Системный аналитик,https://www.superjob.ru/vakansii/glavnyj-specialist-38208508.html,По договорённости
40,38310669,Бизнес/системный аналитик,https://www.superjob.ru/vakansii/biznes-38310669.html,По договорённости
41,38428619,Аналитик,https://www.superjob.ru/vakansii/analitik-38428619.html,до 25 000 руб./месяц
42,38654178,Специалист в отдел планирования и аналитики конструкторского бюро,https://www.superjob.ru/vakansii/specialist-v-otdel-planirovaniya-i-analitiki-konstruktorskogo-byuro-38654178.html,По договорённости
43,38653684,Системный аналитик DWH,https://www.superjob.ru/vakansii/sistemnyj-analitik-dwh-38653684.html,По договорённости
44,37361201,Аналитик по безопасности,https://www.superjob.ru/vakansii/analitik-po-bezopasnosti-37361201.html,30 700 — 36 500 руб./месяц
45,38606971,Консультант-аналитик 1С,https://www.superjob.ru/vakansii/konsultant-analitik-1s-38606971.html,По договорённости
46,38428269,Товарный аналитик (удаленно),https://www.superjob.ru/vakansii/tovarnyj-analitik-38428269.html,до 50 000 руб./месяц
47,38347208,Кредитный аналитик (без продаж),https://www.superjob.ru/vakansii/kreditnyj-analitik-38347208.html,от 34 000 руб./месяц
48,37211756,Web-аналитик,https://www.superjob.ru/vakansii/web-analitik-37211756.html,По договорённости
49,38324010,Аналитик,https://www.superjob.ru/vakansii/analitik-38324010.html,По договорённости
50,38571052,Аналитик-психометрик,https://www.superjob.ru/vakansii/analitik-psihometrik-38571052.html,По договорённости
51,38247699,Бизнес-аналитик,https://www.superjob.ru/vakansii/biznes-analitik-38247699.html,от 45 000 руб./месяц
52,38050148,Экономист-аналитик (продуктовая себестоимость),https://www.superjob.ru/vakansii/ekonomist-analitik-38050148.html,от 50 000 руб./месяц
53,35921262,Аналитик МИС,https://www.superjob.ru/vakansii/analitik-mis-35921262.html,от 50 000 руб./месяц
54,38427068,Аналитик-разработчик,https://www.superjob.ru/vakansii/analitik-razrabotchik-38427068.html,По договорённости
55,38203166,Системный аналитик,https://www.superjob.ru/vakansii/sistemnyj-analitik-38203166.html,от 140 000 руб./месяц
56,37378147,Экономист-аналитик транспортного отдела,https://www.superjob.ru/vakansii/ekonomist-analitik-transportnogo-otdela-37378147.html,По договорённости
57,38650159,Аналитик системный,https://www.superjob.ru/vakansii/analitik-sistemnyj-38650159.html,от 100 000 руб./месяц
58,38492654,Системный аналитик CRM,https://www.superjob.ru/vakansii/sistemnyj-analitik-crm-38492654.html,до 150 000 руб./месяц
59,37503387,Аналитик,https://www.superjob.ru/vakansii/analitik-37503387.html,По договорённости
60,38329325,Аналитик в HR,https://www.superjob.ru/vakansii/analitik-v-hr-38329325.html,По договорённости
61,38427845,Системный аналитик,https://www.superjob.ru/vakansii/sistemnyj-analitik-38427845.html,По договорённости
62,36181150,Ведущий веб-аналитик,https://www.superjob.ru/vakansii/veduschij-veb-analitik-36181150.html,По договорённости
63,38321194,Бизнес-аналитик 1С / Консультант-аналитик / Аналитик 1С,https://www.superjob.ru/vakansii/biznes-analitik-1s-38321194.html,от 100 000 руб./месяц
64,32707733,Аналитик центра технической поддержки,https://www.superjob.ru/vakansii/analitik-centra-tehnicheskoj-podderzhki-32707733.html,от 30 000 руб./месяц
65,38595314,Аналитик бизнес-процессов,https://www.superjob.ru/vakansii/analitik-biznes-processov-38595314.html,По договорённости
66,37980439,Аналитик баз данных / Data Engineer,https://www.superjob.ru/vakansii/analitik-baz-dannyh-37980439.html,По договорённости
67,38624542,Финансовый аналитик,https://www.superjob.ru/vakansii/finansovyj-analitik-38624542.html,от 70 000 руб./месяц
68,38513228,Системный Аналитик / Технический эксперт (Блок: логистика),https://www.superjob.ru/vakansii/sistemnyj-analitik-38513228.html,По договорённости
69,38647847,Аналитик,https://www.superjob.ru/vakansii/analitik-38647847.html,от 50 000 руб./месяц
70,38222418,Аналитик 1С,https://www.superjob.ru/vakansii/analitik-1s-38222418.html,150 000 — 180 000 руб./месяц
71,37806581,Кредитный аналитик,https://www.superjob.ru/vakansii/kreditnyj-analitik-37806581.html,По договорённости
72,38397963,Бизнес-аналитик (проект автоматизации),https://www.superjob.ru/vakansii/biznes-analitik-38397963.html,до 200 000 руб./месяц
73,37296833,Руководитель проекта / Бизнес-аналитик (Главный специалист 1 категории),https://www.superjob.ru/vakansii/rukovoditel-proekta-37296833.html,120 000 — 150 000 руб./месяц
74,38200412,Бизнес-аналитик 1С,https://www.superjob.ru/vakansii/biznes-analitik-1s-38200412.html,от 95 000 руб./месяц
75,38199163,Консультант-аналитик 1С,https://www.superjob.ru/vakansii/konsultant-analitik-1s-38199163.html,140 000 — 170 000 руб./месяц
76,38420841,Ведущий экономист-аналитик / Ведущий финансовый менеджер / Ведущий финансовый аналитик,https://www.superjob.ru/vakansii/veduschij-ekonomist-analitik-38420841.html,от 90 000 руб./месяц
77,38404624,Старший системный аналитик,https://www.superjob.ru/vakansii/starshij-sistemnyj-analitik-38404624.html,до 100 000 руб./месяц
78,38645580,Бизнес-аналитик 1С,https://www.superjob.ru/vakansii/biznes-analitik-1s-38645580.html,По договорённости
79,36509180,Провизор-аналитик,https://www.superjob.ru/vakansii/provizor-analitik-36509180.html,от 30 000 руб./месяц
80,38451410,Системный аналитик,https://www.superjob.ru/vakansii/sistemnyj-analitik-38451410.html,По договорённости
81,38603389,Аналитик,https://www.superjob.ru/vakansii/analitik-38603389.html,По договорённости
82,36842585,Web-аналитик,https://www.superjob.ru/vakansii/web-analitik-36842585.html,от 150 000 руб./месяц
83,38435732,Аналитик,https://www.superjob.ru/vakansii/analitik-38435732.html,до 27 000 руб./месяц
84,38256531,Оператор-аналитик по планированию и учёту на Производство,https://www.superjob.ru/vakansii/operator-analitik-po-planirovaniyu-i-uchjotu-na-proizvodstvo-38256531.html,от 40 000 руб./месяц
85,38179037,Аналитик товаров на маркетплейсах,https://www.superjob.ru/vakansii/analitik-tovarov-na-marketplejsah-38179037.html,По договорённости
86,36564163,Аналитик по финансовым рынкам / Финансовый аналитик,https://www.superjob.ru/vakansii/analitik-po-finansovym-rynkam-36564163.html,По договорённости
87,38197948,Интернет маркетолог-аналитик,https://www.superjob.ru/vakansii/internet-marketolog-analitik-38197948.html,По договорённости
88,38643430,CRM-аналитик,https://www.superjob.ru/vakansii/crm-analitik-38643430.html,По договорённости
89,36696899,Аналитик по продукту,https://www.superjob.ru/vakansii/analitik-po-produktu-36696899.html,По договорённости
90,38418858,Помощник аналитика (Excel),https://www.superjob.ru/vakansii/pomoschnik-analitika-38418858.html,от 40 000 руб./месяц
91,38537080,Ведущий системный аналитик,https://www.superjob.ru/vakansii/veduschij-sistemnyj-analitik-38537080.html,По договорённости
92,38507961,Аналитик в Фонд прямых инвестиций,https://www.superjob.ru/vakansii/analitik-v-fond-pryamyh-investicij-38507961.html,По договорённости
93,38281015,Аналитик,https://www.superjob.ru/vakansii/analitik-38281015.html,По договорённости
94,36452697,Лаборант химического анализа / Химик-аналитик,https://www.superjob.ru/vakansii/laborant-himicheskogo-analiza-36452697.html,от 40 000 руб./месяц
95,38293343,Аналитик BI,https://www.superjob.ru/vakansii/analitik-bi-38293343.html,до 70 000 руб./месяц
96,38641834,Финансовый аналитик,https://www.superjob.ru/vakansii/finansovyj-analitik-38641834.html,от 35 000 руб./месяц
97,38195893,Системный аналитик,https://www.superjob.ru/vakansii/sistemnyj-analitik-38195893.html,По договорённости
98,38482784,Маркетолог-аналитик,https://www.superjob.ru/vakansii/marketolog-analitik-38482784.html,от 40 000 руб./месяц
99,32391171,Системный аналитик,https://www.superjob.ru/vakansii/sistemnyj-analitik-32391171.html,По договорённости
100,38438496,Аналитик,https://www.superjob.ru/vakansii/analitik-38438496.html,По договорённости
101,38318818,Аналитик,https://www.superjob.ru/vakansii/analitik-38318818.html,до 33 200 руб./месяц
102,38416401,Экономист-аналитик,https://www.superjob.ru/vakansii/ekonomist-analitik-38416401.html,от 31 090 руб./месяц
103,37311976,Аналитик (ИТ-проекты),https://www.superjob.ru/vakansii/analitik-37311976.html,от 72 849 руб./месяц
104,38506550,Аналитик,https://www.superjob.ru/vakansii/analitik-38506550.html,По договорённости
105,35991318,Главный специалист-аналитик отдел организации производства,https://www.superjob.ru/vakansii/glavnyj-specialist-analitik-otdel-organizacii-proizvodstva-35991318.html,53 500 руб./месяц
106,38506343,Заместитель руководителя по аналитике исследовательско-аналитического центра,https://www.superjob.ru/vakansii/zamestitel-rukovoditelya-po-analitike-issledovatelsko-analiticheskogo-centra-38506343.html,160 000 руб./месяц
107,37623704,Аналитик,https://www.superjob.ru/vakansii/analitik-37623704.html,По договорённости
108,38478702,Аналитик,https://www.superjob.ru/vakansii/analitik-38478702.html,По договорённости
109,38315103,Оператор-аналитик,https://www.superjob.ru/vakansii/operator-analitik-38315103.html,до 45 000 руб./месяц
110,38314675,Аналитик BI,https://www.superjob.ru/vakansii/analitik-bi-38314675.html,36 000 — 45 000 руб./месяц
111,38432799,Бизнес-аналитик,https://www.superjob.ru/vakansii/biznes-analitik-38432799.html,По договорённости
112,33473129,Продуктовый аналитик,https://www.superjob.ru/vakansii/produktovyj-analitik-33473129.html,По договорённости
113,38314572,Аналитик данных (блок казначейство),https://www.superjob.ru/vakansii/analitik-dannyh-38314572.html,По договорённости
114,38634725,Бизнес аналитик,https://www.superjob.ru/vakansii/biznes-analitik-38634725.html,до 200 000 руб./месяц
115,35583105,"Аналитик в отдел планирования (SQL, Python/R)",https://www.superjob.ru/vakansii/analitik-v-otdel-planirovaniya-35583105.html,По договорённости
116,37513986,Маркетолог-аналитик,https://www.superjob.ru/vakansii/marketolog-analitik-37513986.html,от 40 000 руб./месяц
117,30871080,Аналитик,https://www.superjob.ru/vakansii/analitik-30871080.html,от 25 000 руб./месяц
118,38016454,Технолог-аналитик склада,https://www.superjob.ru/vakansii/tehnolog-analitik-sklada-38016454.html,от 60 000 руб./месяц
119,36861958,Финансовый аналитик / Специалист по управленческому учету,https://www.superjob.ru/vakansii/finansovyj-analitik-36861958.html,150 000 руб./месяц
120,38623136,Начальник отдела аналитики систем КАИ и GR,https://www.superjob.ru/vakansii/nachalnik-otdela-analitiki-sistem-kai-i-gr-38623136.html,По договорённости
121,34996685,Аналитик,https://www.superjob.ru/vakansii/analitik-34996685.html,от 40 000 руб./месяц
122,38314503,Аналитик отдела мониторинга и реагирования на киберугрозы,https://www.superjob.ru/vakansii/analitik-otdela-monitoringa-i-reagirovaniya-na-kiberugrozy-38314503.html,По договорённости
123,37073505,Бизнес-аналитик (главный специалист по автоматизации кадрового учета и расчетов с персоналом 1С ЗУП),https://www.superjob.ru/vakansii/biznes-analitik-37073505.html,По договорённости
124,38503401,Аналитик 1С отдел развития учетных программ для ЭВМ,https://www.superjob.ru/vakansii/analitik-1s-otdel-razvitiya-uchetnyh-programm-dlya-evm-38503401.html,По договорённости
125,37841957,Логист-аналитик (ФРОВ),https://www.superjob.ru/vakansii/logist-analitik-37841957.html,По договорённости
126,38516400,Бизнес-аналитик по складским процессам,https://www.superjob.ru/vakansii/biznes-analitik-po-skladskim-processam-38516400.html,По договорённости
127,38632274,Аналитик программ лояльности,https://www.superjob.ru/vakansii/analitik-programm-loyalnosti-38632274.html,По договорённости
128,37314558,Аналитик,https://www.superjob.ru/vakansii/analitik-37314558.html,от 50 000 руб./месяц
129,38430848,Старший аналитик,https://www.superjob.ru/vakansii/starshij-analitik-38430848.html,По договорённости
130,37481121,Специалист по ценообразованию/аналитик,https://www.superjob.ru/vakansii/specialist-po-cenoobrazovaniyu-37481121.html,от 60 000 руб./месяц
131,38312265,Аналитик в международную IT-кампанию,https://www.superjob.ru/vakansii/analitik-v-mezhdunarodnuyu-it-kampaniyu-38312265.html,до 95 000 руб./месяц
132,38399171,Аналитик по противодействию мошенничеству,https://www.superjob.ru/vakansii/analitik-po-protivodejstviyu-moshennichestvu-38399171.html,По договорённости
133,36645633,Бизнес-аналитик,https://www.superjob.ru/vakansii/biznes-analitik-36645633.html,до 60 200 руб./месяц
134,38182246,Специалист-аналитик по приему и обработке экстренных вызовов,https://www.superjob.ru/vakansii/specialist-analitik-po-priemu-i-obrabotke-ekstrennyh-vyzovov-38182246.html,35 000 — 40 000 руб./месяц
135,36167517,Ведущий специалист-аналитик служба организации производства,https://www.superjob.ru/vakansii/veduschij-specialist-analitik-sluzhba-organizacii-proizvodstva-36167517.html,от 50 000 руб./месяц
136,36561481,Главный кредитный аналитик (корпоративный и инвестиционный бизнес),https://www.superjob.ru/vakansii/glavnyj-kreditnyj-analitik-36561481.html,По договорённости
137,33271680,Экономист/финансист/финансовый аналитик/финансовый директор,https://www.superjob.ru/vakansii/ekonomist-33271680.html,По договорённости
138,38501235,Ведущий консультант-аналитик 1С (full time),https://www.superjob.ru/vakansii/veduschij-konsultant-analitik-1s-38501235.html,от 180 000 руб./месяц
139,38409719,Системный аналитик,https://www.superjob.ru/vakansii/sistemnyj-analitik-38409719.html,По договорённости
140,38542555,Аналитик баз данных,https://www.superjob.ru/vakansii/analitik-baz-dannyh-38542555.html,По договорённости
141,38314146,Ведущий консультант 1С: ЗУП / Аналитик 1С: ЗУП,https://www.superjob.ru/vakansii/veduschij-konsultant-1s-38314146.html,По договорённости
142,38630357,Бизнес / Системный аналитик,https://www.superjob.ru/vakansii/biznes-38630357.html,По договорённости
143,38409475,Разработчик-аналитик T-SQL,https://www.superjob.ru/vakansii/razrabotchik-analitik-t-sql-38409475.html,По договорённости
144,38409453,Аналитик трейдер,https://www.superjob.ru/vakansii/analitik-trejder-38409453.html,от 40 000 руб./месяц
145,38308536,Системный аналитик,https://www.superjob.ru/vakansii/sistemnyj-analitik-38308536.html,По договорённости
146,38629974,Специалист технического пресейла / Аналитик-консультант,https://www.superjob.ru/vakansii/specialist-tehnicheskogo-presejla-38629974.html,от 90 000 руб./месяц
147,38408985,Системный аналитик DWH,https://www.superjob.ru/vakansii/sistemnyj-analitik-dwh-38408985.html,По договорённости
148,38497637,Аналитик (растениеводство),https://www.superjob.ru/vakansii/analitik-38497637.html,По договорённости
149,38407806,Аналитик бизнес-процессов,https://www.superjob.ru/vakansii/analitik-biznes-processov-38407806.html,до 150 000 руб./месяц
150,28262851,Химик-аналитик,https://www.superjob.ru/vakansii/himik-analitik-28262851.html,от 30 000 руб./месяц
151,38491455,Бизнес-аналитик в IT,https://www.superjob.ru/vakansii/biznes-analitik-v-it-38491455.html,от 60 000 руб./месяц
152,38304395,HR Аналитик,https://www.superjob.ru/vakansii/hr-analitik-38304395.html,По договорённости
153,38303843,Бизнес-аналитик по товародвижению,https://www.superjob.ru/vakansii/biznes-analitik-po-tovarodvizheniyu-38303843.html,По договорённости
154,38622404,Бизнес-аналитик,https://www.superjob.ru/vakansii/biznes-analitik-38622404.html,По договорённости
155,38172362,Ведущий аналитик 1С,https://www.superjob.ru/vakansii/veduschij-analitik-1s-38172362.html,до 150 000 руб./месяц
156,32715654,Младший аналитик,https://www.superjob.ru/vakansii/mladshij-analitik-32715654.html,25 000 — 30 000 руб./месяц
157,38620074,Аналитик отдела товародвижения,https://www.superjob.ru/vakansii/analitik-otdela-tovarodvizheniya-38620074.html,По договорённости
158,38301805,Экономист-аналитик,https://www.superjob.ru/vakansii/ekonomist-analitik-38301805.html,По договорённости
159,38618905,Аналитик CRM по работе с клиентской базой,https://www.superjob.ru/vakansii/analitik-crm-po-rabote-s-klientskoj-bazoj-38618905.html,По договорённости
160,38541873,Бизнес-аналитик,https://www.superjob.ru/vakansii/biznes-analitik-38541873.html,По договорённости
161,38618183,Аналитик (работа с ценами),https://www.superjob.ru/vakansii/analitik-38618183.html,от 40 000 руб./месяц
162,38300035,Аналитик со знанием 1С ERP,https://www.superjob.ru/vakansii/analitik-so-znaniem-1s-erp-38300035.html,150 000 — 180 000 руб./месяц
163,38300473,Аналитик 1С (удаленная работа),https://www.superjob.ru/vakansii/analitik-1s-38300473.html,80 000 — 100 000 руб./месяц
164,38170408,Аналитик,https://www.superjob.ru/vakansii/analitik-38170408.html,По договорённости
165,38169827,Ведущий аналитик 1С,https://www.superjob.ru/vakansii/veduschij-analitik-1s-38169827.html,до 150 000 руб./месяц
166,38483618,Аналитик бюджетного учета 1С,https://www.superjob.ru/vakansii/analitik-byudzhetnogo-ucheta-1s-38483618.html,от 100 000 руб./месяц
167,37779716,Главный кредитный аналитик,https://www.superjob.ru/vakansii/glavnyj-kreditnyj-analitik-37779716.html,от 45 000 руб./месяц
168,38299386,Аналитик,https://www.superjob.ru/vakansii/analitik-38299386.html,от 85 000 руб./месяц
169,38298966,Маркетолог-аналитик,https://www.superjob.ru/vakansii/marketolog-analitik-38298966.html,до 60 000 руб./месяц
170,37624856,Аналитик,https://www.superjob.ru/vakansii/analitik-37624856.html,По договорённости
171,38481296,Аналитик BI,https://www.superjob.ru/vakansii/analitik-bi-38481296.html,до 230 000 руб./месяц
172,38615487,Аналитик,https://www.superjob.ru/vakansii/analitik-38615487.html,По договорённости
173,38480479,Специалист по сверкам (Аналитик excel),https://www.superjob.ru/vakansii/specialist-po-sverkam-38480479.html,40 000 — 45 000 руб./месяц
174,38164159,Аналитик 1С / Системный аналитик,https://www.superjob.ru/vakansii/analitik-1s-38164159.html,115 000 — 140 000 руб./месяц
175,38066882,Аналитик,https://www.superjob.ru/vakansii/analitik-38066882.html,от 55 000 руб./месяц
176,38166511,Аналитик,https://www.superjob.ru/vakansii/analitik-38166511.html,35 000 руб./месяц
177,38613309,Финансовый аналитик,https://www.superjob.ru/vakansii/finansovyj-analitik-38613309.html,55 000 — 65 000 руб./месяц
178,38475940,Аналитик-проектировщик,https://www.superjob.ru/vakansii/analitik-proektirovschik-38475940.html,от 90 000 руб./месяц
179,38400213,Аналитик отдела продаж P&G,https://www.superjob.ru/vakansii/analitik-otdela-prodazh-p-38400213.html,до 37 000 руб./месяц
180,38446652,Бизнес-аналитик,https://www.superjob.ru/vakansii/biznes-analitik-38446652.html,По договорённости
181,38297370,Аналитик по информационной безопасности,https://www.superjob.ru/vakansii/analitik-po-informacionnoj-bezopasnosti-38297370.html,По договорённости
182,35862766,Аналитик,https://www.superjob.ru/vakansii/analitik-35862766.html,По договорённости
183,38399222,Аналитик,https://www.superjob.ru/vakansii/analitik-38399222.html,По договорённости
184,38611037,Инженер-аналитик,https://www.superjob.ru/vakansii/inzhener-analitik-38611037.html,от 40 000 руб./месяц
185,37779792,Маркетолог-аналитик,https://www.superjob.ru/vakansii/marketolog-analitik-37779792.html,70 000 — 87 000 руб./месяц
186,38291987,Специалист-аналитик 1С:ЗУП,https://www.superjob.ru/vakansii/specialist-analitik-1s-38291987.html,По договорённости
187,38286614,Аналитик 1С,https://www.superjob.ru/vakansii/analitik-1s-38286614.html,По договорённости
188,37741126,Аналитик в отдел планирования,https://www.superjob.ru/vakansii/analitik-v-otdel-planirovaniya-37741126.html,По договорённости
189,38053112,Системный аналитик 1С,https://www.superjob.ru/vakansii/sistemnyj-analitik-1s-38053112.html,По договорённости
190,38607187,"Главный специалист отдела мониторинга, аналитики и сводной отчетности нацпроекта Здравоохранение",https://www.superjob.ru/vakansii/glavnyj-specialist-otdela-monitoringa-38607187.html,68 000 — 85 000 руб./месяц
191,36555431,Аналитик,https://www.superjob.ru/vakansii/analitik-36555431.html,По договорённости
192,35376829,Консультант-аналитик хранилища данных,https://www.superjob.ru/vakansii/konsultant-analitik-hranilischa-dannyh-35376829.html,По договорённости
193,38470923,Системный аналитик базы данных (СУБД PostgreSql.) и предметной области,https://www.superjob.ru/vakansii/sistemnyj-analitik-bazy-dannyh-38470923.html,По договорённости
194,38606438,Специалист по обработке данных (Аналитик данных),https://www.superjob.ru/vakansii/specialist-po-obrabotke-dannyh-38606438.html,от 100 000 руб./месяц
195,38602710,Бизнес-ассистент / Аналитик,https://www.superjob.ru/vakansii/biznes-assistent-38602710.html,от 80 000 руб./месяц
196,38393418,Аналитик (строительная организация),https://www.superjob.ru/vakansii/analitik-38393418.html,до 60 000 руб./месяц
197,36464089,Экономист-аналитик по производственному планированию,https://www.superjob.ru/vakansii/ekonomist-analitik-po-proizvodstvennomu-planirovaniyu-36464089.html,По договорённости
198,38469083,Финансовый аналитик по логистике,https://www.superjob.ru/vakansii/finansovyj-analitik-po-logistike-38469083.html,По договорённости
199,36252612,Эксперт-химик / Аналитик,https://www.superjob.ru/vakansii/ekspert-himik-36252612.html,По договорённости
200,38562339,Аналитик данных,https://www.superjob.ru/vakansii/analitik-dannyh-38562339.html,По договорённости
201,29777005,Консультант-аналитик 1С,https://www.superjob.ru/vakansii/konsultant-analitik-1s-29777005.html,По договорённости
202,37977284,Программист-аналитик в системе 1С ERP,https://www.superjob.ru/vakansii/programmist-analitik-v-sisteme-1s-erp-37977284.html,По договорённости
203,35948422,Младший системный аналитик,https://www.superjob.ru/vakansii/mladshij-sistemnyj-analitik-35948422.html,50 000 — 60 000 руб./месяц
204,38283016,"Специалист в финансовый отдел (бухгалтер, финансовый аналитик)",https://www.superjob.ru/vakansii/specialist-v-finansovyj-otdel-38283016.html,80 000 руб./месяц
205,38243856,Аналитик,https://www.superjob.ru/vakansii/analitik-38243856.html,100 000 — 120 000 руб./месяц
206,38602169,Бизнес-аналитик,https://www.superjob.ru/vakansii/biznes-analitik-38602169.html,По договорённости
207,27392339,Аналитик данных,https://www.superjob.ru/vakansii/analitik-dannyh-27392339.html,от 52 000 руб./месяц
208,38467477,Консультант-аналитик 1С,https://www.superjob.ru/vakansii/konsultant-analitik-1s-38467477.html,По договорённости
209,38466682,Начинающий Аналитик 1С,https://www.superjob.ru/vakansii/nachinayuschij-analitik-1s-38466682.html,По договорённости
210,37480042,Консультант-аналитик 1С,https://www.superjob.ru/vakansii/konsultant-analitik-1s-37480042.html,до 100 000 руб./месяц
211,38385939,Аналитик,https://www.superjob.ru/vakansii/analitik-38385939.html,По договорённости
212,38466147,Аналитик IT,https://www.superjob.ru/vakansii/analitik-it-38466147.html,По договорённости
213,38277415,Бизнес-аналитик 1С (удаленно),https://www.superjob.ru/vakansii/biznes-analitik-1s-38277415.html,от 80 000 руб./месяц
214,38464932,Ведущий аналитик 1С: ERP,https://www.superjob.ru/vakansii/veduschij-analitik-1s-38464932.html,от 80 000 руб./месяц
215,38274070,"Руководитель отдела межфункционального взаимодействия (аналитика, маркетинг, продажи)",https://www.superjob.ru/vakansii/rukovoditel-otdela-mezhfunkcionalnogo-vzaimodejstviya-38274070.html,По договорённости
216,38464850,Консультант-аналитик 1С / Методолог 1С,https://www.superjob.ru/vakansii/konsultant-analitik-1s-38464850.html,от 120 000 руб./месяц
217,38592296,Ведущий системный аналитик,https://www.superjob.ru/vakansii/veduschij-sistemnyj-analitik-38592296.html,от 67 000 руб./месяц
218,36189246,"Бизнес-аналитик, консультант 1С",https://www.superjob.ru/vakansii/biznes-analitik-36189246.html,от 80 000 руб./месяц
219,36937998,Менеджер отдела складского учета и аналитики,https://www.superjob.ru/vakansii/menedzher-otdela-skladskogo-ucheta-i-analitiki-36937998.html,40 000 — 50 000 руб./месяц
220,38296665,Финансовый аналитик,https://www.superjob.ru/vakansii/finansovyj-analitik-38296665.html,По договорённости
221,37857105,"Инвестиционный/финансовый аналитик (производственная сфера, огнеупорная продукция)",https://www.superjob.ru/vakansii/investicionnyj-37857105.html,По договорённости
222,33723411,Провизор-технолог/провизор-аналитик рецептурно-производственного отдела аптеки,https://www.superjob.ru/vakansii/provizor-tehnolog-33723411.html,65 000 руб./месяц
223,37788757,Аналитик СЭДО,https://www.superjob.ru/vakansii/analitik-sedo-37788757.html,от 28 000 руб./месяц
224,38578613,Экономист-аналитик,https://www.superjob.ru/vakansii/ekonomist-analitik-38578613.html,100 000 руб./месяц
225,29475179,Электроник-аналитик,https://www.superjob.ru/vakansii/elektronik-analitik-29475179.html,от 17 000 руб./месяц
226,37717476,Трейд-маркетолог / Маркетолог-аналитик,https://www.superjob.ru/vakansii/trejd-marketolog-37717476.html,от 80 000 руб./месяц
227,38250142,Юрист-аналитик,https://www.superjob.ru/vakansii/yurist-analitik-38250142.html,80 000 — 100 000 руб./месяц
228,38368620,Инженер-аналитик,https://www.superjob.ru/vakansii/inzhener-analitik-38368620.html,от 70 000 руб./месяц
229,38572171,Аналитик поддержки приложений,https://www.superjob.ru/vakansii/analitik-podderzhki-prilozhenij-38572171.html,По договорённости
230,38571142,Программист-аналитик 1С,https://www.superjob.ru/vakansii/programmist-analitik-1s-38571142.html,от 100 000 руб./месяц
231,38570989,Бизнес-аналитик в транспортную компанию,https://www.superjob.ru/vakansii/biznes-analitik-v-transportnuyu-kompaniyu-38570989.html,По договорённости
232,38565756,"Экономист, финансовый аналитик",https://www.superjob.ru/vakansii/ekonomist-38565756.html,от 80 000 руб./месяц
233,38450337,Системный аналитик,https://www.superjob.ru/vakansii/sistemnyj-analitik-38450337.html,до 250 000 руб./месяц
234,38450225,Системный аналитик,https://www.superjob.ru/vakansii/sistemnyj-analitik-38450225.html,По договорённости
235,26894273,"Менеджер по торговому маркетингу, аналитик-маркетолог",https://www.superjob.ru/vakansii/menedzher-po-torgovomu-marketingu-26894273.html,до 45 000 руб./месяц
236,37086857,Специалист технической поддержки 1C / Консультант 1C / Аналитик 1С,https://www.superjob.ru/vakansii/specialist-tehnicheskoj-podderzhki-1c-37086857.html,По договорённости
237,31712046,Аналитик,https://www.superjob.ru/vakansii/analitik-31712046.html,35 000 — 40 000 руб./месяц
238,38138526,Трейд-маркетинг менеджер / Аналитик,https://www.superjob.ru/vakansii/trejd-marketing-menedzher-38138526.html,По договорённости
239,38568973,Бизнес-аналитик (консультант 1С),https://www.superjob.ru/vakansii/biznes-analitik-38568973.html,По договорённости
